,column_name,shap_importance
4,YearsCodingProf,13677.4990234375
667,Country_UnitedStates,12816.3984375
665,Country_UnitedKingdom,7735.43603515625
1,Age,4735.7294921875
553,Country_Germany,3764.984130859375
305,RaceEthnicity_White_or_of_European_descent,3590.580322265625
474,AssessBenefits2_Bad,3141.7431640625
500,Country_Australia,2472.706787109375
15,DevType_Student,2467.472412109375
522,Country_Canada,2444.949462890625
566,Country_India,2053.343017578125
549,Country_France,1938.0865478515625
650,Country_Switzerland,1833.595703125
180,PlatformWorkedWith_AWS,1769.9595947265625
436,CompanySize_Big_2500_12500,1640.902099609375
570,Country_Ireland,1632.1077880859375
46,SelfTaughtTypes_The_official_documentation_and_or_standards_for_the_technology,1576.4759521484375
473,JobEmailPriorities6_Good,1485.420654296875
71,LanguageWorkedWith_C++,1452.7823486328125
26,CommunicationTools_Slack,1415.66796875
438,CompanySize_Small_5_60,1407.924560546875
100,LanguageDesireNextYear_JavaScript,1304.4046630859375
629,Country_RussianFederation,1282.1966552734375
471,AssessJob1_Good,1258.441162109375
644,Country_Spain,1244.750244140625
38,EducationTypes_Participated_in_a_hackathon,1218.6241455078125
185,PlatformWorkedWith_Windows_Desktop_or_Server,1209.8592529296875
614,Country_Norway,1168.7532958984375
34,CommunicationTools_Google_Hangouts_Chat,1147.8519287109375
10,DevType_Engineering_manager,1120.6937255859375
445,AdsPriorities6_Bad,1106.4697265625
404,NumberMonitors_1,1095.135986328125
39,EducationTypes_Contributed_to_open_source_software,1080.8175048828125
388,Employment_full_time,1057.31591796875
572,Country_Italy,1035.9310302734375
141,DatabaseWorkedWith_PostgreSQL,1009.658203125
268,IDE_Android_Studio,1005.738037109375
278,Methodology_Agile,1004.4990844726562
419,CareerSatisfaction_Moderatelysatisfied,972.8017578125
2,Exercise,962.2135620117188
27,CommunicationTools_Confluence,961.4926147460938
282,Methodology_Formal_standard_such_as_ISO_9001_or_IEEE_12207_(aka_“waterfall”_methodologies),924.5972900390625
400,WakeTime_Between8_01_9_00AM,914.7371826171875
417,CareerSatisfaction_Extremelysatisfied,909.4735717773438
194,PlatformWorkedWith_Google_Cloud_Platform_App_Engine,879.0536499023438
41,EducationTypes_Taken_a_part_time_in_person_course_in_programming_or_software_development,838.76220703125
18,DevType_Designer,833.3477172851562
439,AdsPriorities7_Bad,797.3709716796875
608,Country_Netherlands,793.1224365234375
464,HopeFiveYears_Engineeringmanager,791.3099975585938
147,DatabaseWorkedWith_MongoDB,782.2850341796875
609,Country_NewZealand,775.93408203125
319,ErgonomicDevices_Standing_desk,760.3512573242188
106,LanguageDesireNextYear_SQL,756.5289306640625
451,JobContactPriorities4_Bad,750.4127197265625
442,JobContactPriorities3_Good,745.2689208984375
482,AssessBenefits8_Bad,740.5195922851562
3,HoursOutside,738.4846801757812
154,DatabaseWorkedWith_MariaDB,724.0565795898438
35,CommunicationTools_Trello,719.5677490234375
373,FormalEducation_Master,713.7056884765625
483,AssessBenefits8_Good,694.2676391601562
306,RaceEthnicity_Hispanic_or_Latino_Latina,691.5626831054688
69,LanguageWorkedWith_TypeScript,684.5901489257812
81,LanguageWorkedWith_PHP,677.4525146484375
139,DatabaseWorkedWith_SQL_Server,669.9625854492188
424,AssessBenefits1_Good,660.0416870117188
429,JobEmailPriorities3_Bad,657.4336547851562
206,PlatformDesireNextYear_AWS,656.8582763671875
78,LanguageWorkedWith_Go,636.2725830078125
239,FrameworkWorkedWith_.NET_Core,635.9442138671875
189,PlatformWorkedWith_Mac_OS,626.942626953125
271,IDE_PHPStorm,623.7987670898438
30,CommunicationTools_Jira,622.6953125
5,LastNewJob,621.5764770507812
140,DatabaseWorkedWith_MySQL,620.682373046875
450,AssessJob5_Good,617.311767578125
422,CareerSatisfaction_Slightlysatisfied,614.0189208984375
36,CommunicationTools_HipChat,605.318115234375
37,EducationTypes_Taught_yourself_a_new_language_framework_or_tool_without_taking_a_formal_course,602.3729858398438
623,Country_Poland,600.3555908203125
477,AssessJob8_Good,591.712158203125
382,JobSatisfaction_Moderatelydissatisfied,588.1038208007812
392,Employment_self_employed,586.485107421875
186,PlatformWorkedWith_Heroku,559.718994140625
162,DatabaseDesireNextYear_PostgreSQL,557.2669677734375
211,PlatformDesireNextYear_Windows_Desktop_or_Server,554.8612670898438
320,ErgonomicDevices_Ergonomic_keyboard_or_mouse,551.8612060546875
266,IDE_Eclipse,541.5335693359375
300,AdBlockerReasons_I_wanted_to_support_the_website_I_was_visiting_by_viewing_their_ads,539.7737426757812
432,EthicalImplications_Unsure_Idontknow,539.2042846679688
63,LanguageWorkedWith_Python,537.3314208984375
284,Methodology_Lean,536.2525024414062
315,AdsActions_Saw_an_online_advertisement_and_then_researched_it_(without_clicking_on_the_ad),534.6978149414062
378,FormalEducation_Studywithoutdegree,530.0369262695312
347,StackOverflowVisit_Afewtimespermonthorweekly,528.938720703125
279,Methodology_Scrum,524.6510009765625
461,CheckInCode_Onceaday,524.5403442382812
8,DevType_DevOps_specialist,509.4136047363281
50,SelfTaughtTypes_The_technology’s_online_help_system,509.2261962890625
338,UndergradMajor_NaturalScience,504.9387512207031
391,Employment_part_time,504.0999450683594
465,HopeFiveYears_Havingown_company,497.71466064453125
182,PlatformWorkedWith_Linux,495.33660888671875
237,FrameworkWorkedWith_Spark,489.14556884765625
43,EducationTypes_Participated_in_online_coding_competitions_(e.g._HackerRank_CodeChef_TopCoder),482.74542236328125
571,Country_Israel,480.35467529296875
418,CareerSatisfaction_Moderatelydissatisfied,475.1684875488281
215,PlatformDesireNextYear_Google_Cloud_Platform_App_Engine,473.439208984375
160,DatabaseDesireNextYear_SQL_Server,470.56536865234375
453,AIInteresting_Algorithmsmakingimportantdecisions,467.09466552734375
9,DevType_System_administrator,459.832763671875
537,Country_Denmark,457.6756591796875
381,JobSatisfaction_Extremelysatisfied,456.58447265625
0,HoursComputer,454.5411376953125
149,DatabaseWorkedWith_Amazon_DynamoDB,453.3798522949219
411,Gender_Male,448.7904968261719
57,HackathonReasons_To_improve_my_knowledge_of_a_specific_programming_language_framework_or_other_technology,444.0799865722656
62,LanguageWorkedWith_JavaScript,441.79998779296875
155,DatabaseWorkedWith_SQLite,435.72576904296875
486,EthicsChoice_Dependsonwhatitis,435.54205322265625
208,PlatformDesireNextYear_Linux,432.7593994140625
33,CommunicationTools_Facebook,432.3331298828125
437,CompanySize_Medium_300_750,428.4576110839844
234,FrameworkWorkedWith_Angular,428.1119079589844
406,NumberMonitors_3,426.8778991699219
153,DatabaseWorkedWith_Elasticsearch,422.7008361816406
330,JobEmailPriorities5_Good,420.0726623535156
195,PlatformWorkedWith_Raspberry_Pi,420.0594482421875
144,DatabaseWorkedWith_Memcached,415.452880859375
260,IDE_Sublime_Text,414.0054931640625
316,AdsActions_Stopped_going_to_a_website_because_of_their_advertising,411.2572021484375
351,StackOverflowVisit_Lessthanoncepermonthormonthly,411.05548095703125
17,DevType_Front_end_developer,410.9172058105469
428,AssessBenefits10_Good,404.6361389160156
484,Dependents_No,402.52557373046875
47,SelfTaughtTypes_A_book_or_e_book_from_O’Reilly_Apress_or_a_similar_publisher,401.3376159667969
122,LanguageDesireNextYear_PHP,397.8512878417969
312,SexualOrientation_Bisexual_or_Queer,380.2652893066406
663,Country_Ukraine,379.263427734375
456,AIInteresting_Increasingautomationofjobs,373.2046813964844
355,StackOverflowJobs_Yes,368.0706481933594
151,DatabaseWorkedWith_Apache_Hive,363.822021484375
478,AssessJob7_Bad,363.5767517089844
318,AdsActions_Paid_to_access_a_website_advertisement_free,358.9297790527344
16,DevType_Back_end_developer,358.3846740722656
116,LanguageDesireNextYear_Rust,357.7535705566406
293,VersionControl_Mercurial,357.3978576660156
191,PlatformWorkedWith_Android,353.3607177734375
389,Employment_lookingforwork,351.34796142578125
224,PlatformDesireNextYear_Heroku,350.92291259765625
42,EducationTypes_Received_on_the_job_training_in_software_development,349.96221923828125
421,CareerSatisfaction_Slightlydissatisfied,347.010498046875
289,VersionControl_Subversion,346.6832275390625
273,IDE_Emacs,345.2879638671875
386,JobSatisfaction_Slightlysatisfied,337.684814453125
19,DevType_C_suite_executive_(CEO_CTO_),337.6348876953125
383,JobSatisfaction_Moderatelysatisfied,336.5711364746094
175,DatabaseDesireNextYear_Google_BigQuery,333.36248779296875
64,LanguageWorkedWith_HTML,332.4919738769531
156,DatabaseWorkedWith_Google_BigQuery,330.2637023925781
61,HackathonReasons_To_win_prizes_or_cash_awards,327.54638671875
415,AssessBenefits6_Good,326.1865539550781
420,CareerSatisfaction_Neithersatisfiednordissatisfied,325.62835693359375
12,DevType_Desktop_or_enterprise_applications_developer,324.2375793457031
179,DatabaseDesireNextYear_Amazon_Redshift,323.5584716796875
670,Country_VenezuelaBolivarianRepublicof...,320.8282165527344
11,DevType_Data_or_business_analyst,320.3053283691406
52,SelfTaughtTypes_Tapping_your_network_of_friends_family_and_peers_versed_in_the_technology,318.6455078125
285,Methodology_Pair_programming,317.7471923828125
326,JobContactPriorities1_Good,314.564453125
115,LanguageDesireNextYear_Erlang,313.6302490234375
102,LanguageDesireNextYear_HTML,312.85748291015625
54,SelfTaughtTypes_Internal_Wikis_chat_rooms_or_documentation_set_up_by_my_company_for_employees,308.64410400390625
466,HopeFiveYears_ProductManager,302.4201965332031
203,PlatformWorkedWith_Windows_Phone,301.2388610839844
356,ErgonomicDevices_Ergonomickeyboardormouse,297.4638977050781
48,SelfTaughtTypes_Questions_&_answers_on_Stack_Overflow,295.4951477050781
301,AdBlockerReasons_The_website_I_was_visiting_forced_me_to_disable_it_to_access_their_content,293.1658020019531
341,UndergradMajor_Webdevelopment,291.9717102050781
125,LanguageDesireNextYear_Clojure,288.3128356933594
29,CommunicationTools_Other_wiki_tool_(Github_Google_Sites_proprietary_software_),288.15008544921875
120,LanguageDesireNextYear_R,286.23248291015625
397,WakeTime_Between5_00_6_00AM,284.94171142578125
82,LanguageWorkedWith_VB.NET,283.12603759765625
80,LanguageWorkedWith_Ruby,278.1552429199219
6,DevType_Full_stack_developer,276.47259521484375
209,PlatformDesireNextYear_Firebase,276.1126403808594
385,JobSatisfaction_Slightlydissatisfied,276.0943603515625
138,DatabaseWorkedWith_Redis,271.84002685546875
416,CareerSatisfaction_Extremelydissatisfied,267.4531555175781
83,LanguageWorkedWith_Swift,266.5865478515625
262,IDE_Notepad++,266.30010986328125
440,AdsPriorities7_Good,266.269775390625
329,JobEmailPriorities5_Bad,266.0823974609375
216,PlatformDesireNextYear_Google_Home,264.0797119140625
142,DatabaseWorkedWith_Amazon_RDS_Aurora,261.87445068359375
245,FrameworkDesireNextYear_React,261.8498840332031
357,ErgonomicDevices_Ergonomickeyboardormouse;Wrist_handsupportsorbraces,261.5336608886719
98,LanguageWorkedWith_Clojure,261.395263671875
299,AdBlockerReasons_The_ad_blocking_software_was_causing_display_issues_on_a_website,260.8872985839844
223,PlatformDesireNextYear_Raspberry_Pi,259.8805847167969
49,SelfTaughtTypes_Online_developer_communities_other_than_Stack_Overflow_(ex._forums_listservs_IRC_channels_),259.0172424316406
379,FormalEducation_doctoraldegree,258.81231689453125
235,FrameworkWorkedWith_Node.js,253.48025512695312
443,HypotheticalTools2_interested,253.2315673828125
480,AssessBenefits11_Bad,252.05104064941406
327,AssessBenefits7_Bad,250.65809631347656
311,SexualOrientation_Straight_or_heterosexual,249.97129821777344
303,AdBlockerReasons_The_website_I_was_visiting_has_interesting_ads,245.67489624023438
258,IDE_Visual_Studio_Code,244.9332733154297
292,VersionControl_Team_Foundation_Version_Control,243.596435546875
398,WakeTime_Between6_01_7_00AM,238.7650146484375
310,RaceEthnicity_South_Asian,238.167236328125
380,JobSatisfaction_Extremelydissatisfied,237.4791259765625
124,LanguageDesireNextYear_Ruby,235.80445861816406
399,WakeTime_Between7_01_8_00AM,234.8751678466797
204,PlatformWorkedWith_Salesforce,234.27574157714844
161,DatabaseDesireNextYear_MySQL,233.03231811523438
277,IDE_TextMate,230.17367553710938
118,LanguageDesireNextYear_Haskell,227.52230834960938
157,DatabaseWorkedWith_Cassandra,226.88609313964844
427,AssessBenefits10_Bad,226.4061737060547
45,EducationTypes_Participated_in_a_full_time_developer_training_program_or_bootcamp,225.32473754882812
349,StackOverflowVisit_Dailyoralmostdaily,223.7032928466797
660,Country_Turkey,223.447998046875
210,PlatformDesireNextYear_Arduino,221.78700256347656
481,AssessBenefits11_Good,219.64901733398438
489,Student_No,219.63662719726562
343,HypotheticalTools3_interested,218.8740997314453
251,FrameworkDesireNextYear_Spark,218.3558349609375
70,LanguageWorkedWith_C,217.19065856933594
298,AdBlockerReasons_The_website_I_was_visiting_asked_me_to_disable_it,217.08802795410156
168,DatabaseDesireNextYear_Apache_Hive,216.4264678955078
255,FrameworkDesireNextYear_Torch_PyTorch,213.82476806640625
113,LanguageDesireNextYear_Java,213.6390380859375
325,JobContactPriorities1_Bad,212.97300720214844
323,JobContactPriorities2_Bad,210.57286071777344
183,PlatformWorkedWith_Firebase,210.49143981933594
58,HackathonReasons_Because_I_find_it_enjoyable,209.27626037597656
463,HopeFiveYears_Anotherrole,207.53639221191406
218,PlatformDesireNextYear_WordPress,207.34593200683594
59,HackathonReasons_To_improve_my_ability_to_work_on_a_team_with_other_programmers,207.03848266601562
459,CheckInCode_Multipletimesperday,206.32339477539062
44,EducationTypes_Taken_an_online_course_in_programming_or_software_development_(e.g._a_MOOC),206.27455139160156
176,DatabaseDesireNextYear_Memcached,204.83065795898438
533,Country_CzechRepublic,204.61668395996094
74,LanguageWorkedWith_R,203.21633911132812
40,EducationTypes_Completed_an_industry_certification_program_(e.g._MCPD),202.86322021484375
334,UndergradMajor_Computerscience,202.77679443359375
568,Country_IranIslamicRepublicof...,200.71145629882812
354,StackOverflowJobs_NoIknewthatStackOverflowhadajobsboardbuthaveneverusedorvisitedit,199.3917236328125
337,UndergradMajor_Math_stats,197.9855194091797
219,PlatformDesireNextYear_Mac_OS,197.8098907470703
342,UndergradMajor_informationtechnology,195.7262725830078
469,HopeFiveYears_same,195.6483154296875
261,IDE_Visual_Studio,193.8225555419922
498,Country_Argentina,193.56097412109375
431,EthicalImplications_No,192.43280029296875
294,VersionControl_I_dont_use_version_control,192.22482299804688
564,Country_Hungary,191.80255126953125
501,Country_Austria,190.08045959472656
20,DevType_Mobile_developer,189.94216918945312
53,SelfTaughtTypes_Pre_scheduled_tutoring_or_mentoring_sessions_with_a_friend_or_colleague,189.8769989013672
236,FrameworkWorkedWith_Hadoop,188.3365478515625
452,JobContactPriorities4_Good,185.75469970703125
401,WakeTime_Between9_01_10_00AM,185.01856994628906
13,DevType_Game_or_graphics_developer,184.25559997558594
447,AssessBenefits5_Bad,184.08294677734375
430,JobEmailPriorities3_Good,182.30833435058594
339,UndergradMajor_Neverdecleradmajor,181.45010375976562
199,PlatformWorkedWith_Apple_Watch_or_Apple_TV,180.4845733642578
454,"AIInteresting_Artificialintelligencesurpassinghumanintelligence(""thesingularity"")",179.65040588378906
283,Methodology_Extreme_programming_(XP),178.3452606201172
159,DatabaseDesireNextYear_Redis,177.5621795654297
169,DatabaseDesireNextYear_Neo4j,176.05160522460938
345,JobEmailPriorities4_Bad,175.7830810546875
188,PlatformWorkedWith_iOS,174.30026245117188
425,AssessBenefits3_Bad,173.77915954589844
60,HackathonReasons_To_help_me_find_new_job_opportunities,173.4993133544922
7,DevType_Database_administrator,172.71987915039062
348,StackOverflowVisit_Afewtimesperweek,171.06674194335938
597,Country_Mexico,170.5856475830078
331,UndergradMajor_Anotherengineering,168.398681640625
246,FrameworkDesireNextYear_Angular,168.26734924316406
288,VersionControl_Git,168.1088409423828
332,UndergradMajor_Arts,166.32684326171875
158,DatabaseWorkedWith_Neo4j,165.11915588378906
107,LanguageDesireNextYear_TypeScript,165.048828125
103,LanguageDesireNextYear_CSS,165.00575256347656
66,LanguageWorkedWith_Bash_Shell,164.83497619628906
384,JobSatisfaction_Neithersatisfiednordissatisfied,164.732177734375
148,DatabaseWorkedWith_Google_Cloud_Storage,162.55618286132812
286,Methodology_Mob_programming,162.4215545654297
28,CommunicationTools_Office___productivity_suite_(Microsoft_Office_Google_Suite_),161.93951416015625
372,FormalEducation_Bachelor,161.75830078125
193,PlatformWorkedWith_Drupal,160.1808624267578
25,DevType_Educator_or_academic_researcher,160.1226043701172
297,AdBlocker_Im_not_sure_I_dont_know,158.2523193359375
165,DatabaseDesireNextYear_Oracle,158.2098388671875
458,CheckInCode_Lessthanoncepermonth,157.75332641601562
363,ErgonomicDevices_Standingdesk;Ergonomickeyboardormouse,156.7897491455078
14,DevType_QA_or_test_developer,156.3668212890625
196,PlatformWorkedWith_SharePoint,155.48057556152344
21,DevType_Data_scientist_or_machine_learning_specialist,154.7625274658203
192,PlatformWorkedWith_WordPress,153.5127716064453
241,FrameworkWorkedWith_Xamarin,153.38827514648438
207,PlatformDesireNextYear_Azure,152.92015075683594
377,FormalEducation_Secondaryschool,152.2946319580078
163,DatabaseDesireNextYear_Amazon_RDS_Aurora,149.94851684570312
242,FrameworkWorkedWith_TensorFlow,147.0619354248047
240,FrameworkWorkedWith_Cordova,146.67405700683594
314,SexualOrientation_Gay_or_Lesbian,146.41249084472656
110,LanguageDesireNextYear_C,145.68328857421875
515,Country_Brazil,145.34608459472656
328,AssessBenefits7_Good,144.57781982421875
230,PlatformDesireNextYear_Drupal,144.17373657226562
92,LanguageWorkedWith_VBA,143.48768615722656
214,PlatformDesireNextYear_Apple_Watch_or_Apple_TV,142.65982055664062
32,CommunicationTools_Stack_Overflow_Enterprise,142.33595275878906
226,PlatformDesireNextYear_SharePoint,142.1241912841797
24,DevType_Embedded_applications_or_devices_developer,140.01416015625
252,FrameworkDesireNextYear_Spring,139.81382751464844
105,LanguageDesireNextYear_C#,139.38755798339844
197,PlatformWorkedWith_IBM_Cloud_or_Watson,138.96568298339844
65,LanguageWorkedWith_CSS,138.84835815429688
123,LanguageDesireNextYear_Scala,137.7555389404297
287,Methodology_PRINCE2,137.4216766357422
90,LanguageWorkedWith_Rust,136.91644287109375
414,AssessBenefits6_Bad,136.385498046875
643,Country_SouthKorea,135.5341339111328
143,DatabaseWorkedWith_Microsoft_Azure_(Tables_CosmosDB_SQL_,135.351318359375
371,FormalEducation_Associatedegree,134.84779357910156
390,Employment_notwanttowork,134.12672424316406
637,Country_Singapore,132.93052673339844
72,LanguageWorkedWith_Java,132.6715545654297
55,HackathonReasons_To_build_my_professional_network,131.61090087890625
336,UndergradMajor_HumanitiesDiscipline,131.53005981445312
617,Country_Pakistan,131.1953582763672
353,StackOverflowJobs_NoIdidntknowthatStackOverflowhadajobsboard,130.62196350097656
84,LanguageWorkedWith_Groovy,129.40916442871094
441,JobContactPriorities3_Bad,129.37619018554688
405,NumberMonitors_2,128.74264526367188
267,IDE_NetBeans,127.52251434326172
79,LanguageWorkedWith_Lua,127.15345764160156
167,DatabaseDesireNextYear_Amazon_DynamoDB,125.39796447753906
31,CommunicationTools_Other_chat_system_(IRC_proprietary_software_),124.9001235961914
281,Methodology_Evidence_based_software_engineering,124.47103118896484
313,SexualOrientation_Asexual,123.67625427246094
181,PlatformWorkedWith_Azure,123.59190368652344
85,LanguageWorkedWith_Kotlin,123.17542266845703
574,Country_Japan,122.76410675048828
146,DatabaseWorkedWith_IBM_Db2,121.6261215209961
423,AssessBenefits1_Bad,121.34403991699219
190,PlatformWorkedWith_Serverless,119.88060760498047
187,PlatformWorkedWith_Amazon_Echo,119.04541778564453
628,Country_Romania,118.6240463256836
174,DatabaseDesireNextYear_SQLite,117.3792953491211
129,LanguageDesireNextYear_Groovy,117.05104064941406
254,FrameworkDesireNextYear_Xamarin,114.79825592041016
112,LanguageDesireNextYear_Matlab,114.77515411376953
177,DatabaseDesireNextYear_Google_Cloud_Storage,114.11398315429688
87,LanguageWorkedWith_Scala,113.97274017333984
295,AdBlocker_Yes,113.97013092041016
467,HopeFiveYears_Retirement,113.65045928955078
264,IDE_PyCharm,113.4191665649414
217,PlatformDesireNextYear_iOS,113.03527069091797
77,LanguageWorkedWith_Erlang,112.00425720214844
248,FrameworkDesireNextYear_Node.js,108.82830810546875
269,IDE_Coda,108.00764465332031
476,AssessJob8_Bad,107.3349838256836
587,Country_Luxembourg,107.12381744384766
270,IDE_Xcode,106.4112548828125
249,FrameworkDesireNextYear_TensorFlow,105.95939636230469
413,JobContactPriorities5_Good,105.5251235961914
374,FormalEducation_Notgraduated,104.35023498535156
475,AssessBenefits2_Good,103.28016662597656
470,AssessJob1_Bad,103.11756896972656
96,LanguageWorkedWith_Delphi_Object_Pascal,102.53277587890625
350,StackOverflowVisit_IhavenevervisitedStackOverflow(beforetoday),101.95903778076172
101,LanguageDesireNextYear_Python,101.38008117675781
352,StackOverflowVisit_Multipletimesperday,101.31322479248047
507,Country_Belarus,100.93841552734375
253,FrameworkDesireNextYear_Cordova,100.51531219482422
635,Country_Serbia,99.32809448242188
308,RaceEthnicity_Middle_Eastern,98.86075592041016
366,ErgonomicDevices_Standingdesk;Fatigue_relievingfloormat;Ergonomickeyboardormouse,98.24481964111328
324,JobContactPriorities2_Good,98.09236907958984
238,FrameworkWorkedWith_Spring,98.01811218261719
232,FrameworkWorkedWith_Django,96.84976196289062
302,AdBlockerReasons_I_wanted_to_view_a_specific_advertisement,96.28645324707031
394,WakeTime_Before5_00AM,95.93035125732422
200,PlatformWorkedWith_ESP8266,94.91949462890625
119,LanguageDesireNextYear_Ocaml,92.11964416503906
265,IDE_Atom,91.6516342163086
259,IDE_IPython___Jupyter,91.40037536621094
76,LanguageWorkedWith_CoffeeScript,91.35274505615234
304,RaceEthnicity_Black_or_of_African_descent,91.05000305175781
244,FrameworkDesireNextYear_Django,89.99312591552734
468,HopeFiveYears_UnrelatedCareer,89.29498291015625
472,JobEmailPriorities6_Bad,89.14264678955078
213,PlatformDesireNextYear_Android,88.07188415527344
376,FormalEducation_Professionaldegree,87.29978942871094
488,EthicsChoice_Yes,87.27153015136719
128,LanguageDesireNextYear_Delphi_Object_Pascal,87.07470703125
395,WakeTime_Between10_01_11_00AM,86.0965347290039
624,Country_Portugal,80.76045227050781
659,Country_Tunisia,79.40470123291016
317,AdsActions_Clicked_on_an_online_advertisement,79.2833251953125
108,LanguageDesireNextYear_Bash_Shell,78.97925567626953
212,PlatformDesireNextYear_Amazon_Echo,78.97512817382812
247,FrameworkDesireNextYear_.NET_Core,78.93741607666016
229,PlatformDesireNextYear_Windows_Phone,78.67406463623047
449,AssessJob5_Bad,78.2164306640625
89,LanguageWorkedWith_Haskell,77.25668334960938
410,Gender_LGBTQ,76.50303649902344
362,ErgonomicDevices_Standingdesk,75.90897369384766
136,LanguageDesireNextYear_Visual_Basic_6,75.74327087402344
664,Country_UnitedArabEmirates,74.65768432617188
257,IDE_Vim,74.07658386230469
505,Country_Bangladesh,73.80296325683594
434,EthicalImplications_Unsure_Idontknow.2,73.24105834960938
201,PlatformWorkedWith_Gaming_console,72.64656066894531
56,HackathonReasons_To_improve_my_general_technical_skills_or_programming_ability,71.818603515625
645,Country_SriLanka,71.62740325927734
508,Country_Belgium,71.54485321044922
205,PlatformWorkedWith_Google_Home,71.30078887939453
23,DevType_Product_manager,70.22013092041016
370,ErgonomicDevices_Wrist_handsupportsorbraces,69.76081848144531
542,Country_Egypt,69.7236099243164
358,ErgonomicDevices_Fatigue_relievingfloormat,69.497314453125
93,LanguageWorkedWith_Perl,69.4435043334961
164,DatabaseDesireNextYear_Microsoft_Azure_(Tables_CosmosDB_SQL_,69.28461456298828
134,LanguageDesireNextYear_VBA,69.09427642822266
393,WakeTime_After12_01PM,68.96366882324219
75,LanguageWorkedWith_Assembly,68.68690490722656
88,LanguageWorkedWith_F#,68.14539337158203
91,LanguageWorkedWith_Julia,66.96769714355469
166,DatabaseDesireNextYear_IBM_Db2,65.60397338867188
642,Country_SouthAfrica,63.98121643066406
638,Country_Slovakia,63.6882438659668
225,PlatformDesireNextYear_Salesforce,63.468692779541016
68,LanguageWorkedWith_SQL,63.35704040527344
263,IDE_IntelliJ,62.9928092956543
359,ErgonomicDevices_Fatigue_relievingfloormat;Ergonomickeyboardormouse,62.697444915771484
86,LanguageWorkedWith_Objective_C,62.18924331665039
95,LanguageWorkedWith_Visual_Basic_6,61.91533279418945
375,FormalEducation_Primary_elementaryschool,59.23655319213867
145,DatabaseWorkedWith_Oracle,58.48679733276367
309,RaceEthnicity_Native_American_Pacific_Islander_or_Indigenous_Australian,58.350257873535156
530,Country_Croatia,58.34221267700195
448,AssessBenefits5_Good,58.23185729980469
671,Country_VietNam,57.75920867919922
272,IDE_RStudio,55.09945297241211
126,LanguageDesireNextYear_CoffeeScript,54.70109558105469
616,Country_OtherCountry(NotListedAbove),54.615875244140625
340,UndergradMajor_SocialScience,54.28862762451172
51,SelfTaughtTypes_A_college_university_computer_science_or_software_engineering_book,54.22349166870117
517,Country_Bulgaria,53.91579818725586
243,FrameworkWorkedWith_Torch_PyTorch,53.11857604980469
462,CheckInCode_Weeklyorafewtimespermonth,53.023101806640625
369,ErgonomicDevices_Standingdesk;Wrist_handsupportsorbraces,52.461029052734375
172,DatabaseDesireNextYear_Apache_HBase,51.7988166809082
526,Country_China,51.762840270996094
173,DatabaseDesireNextYear_Elasticsearch,51.63663864135742
97,LanguageWorkedWith_Hack,51.05363464355469
586,Country_Lithuania,51.042945861816406
412,JobContactPriorities5_Bad,49.02988815307617
491,Student_Studentpart_time,48.29718017578125
455,"AIInteresting_Evolvingdefinitionsof""fairness""inalgorithmicversushumandecisions",48.29606628417969
22,DevType_Marketing_or_sales_professional,47.42549514770508
133,LanguageDesireNextYear_Objective_C,47.14894104003906
622,Country_Philippines,47.06229019165039
548,Country_Finland,45.58512496948242
233,FrameworkWorkedWith_React,44.433616638183594
275,IDE_Light_Table,43.91914367675781
111,LanguageDesireNextYear_C++,43.883514404296875
365,ErgonomicDevices_Standingdesk;Fatigue_relievingfloormat,43.481021881103516
117,LanguageDesireNextYear_F#,42.4540901184082
531,Country_Cuba,42.07624435424805
567,Country_Indonesia,40.39795684814453
322,ErgonomicDevices_Wrist_hand_supports_or_braces,40.22921371459961
396,WakeTime_Between11_01AM_12_00PM,39.8121223449707
367,ErgonomicDevices_Standingdesk;Fatigue_relievingfloormat;Ergonomickeyboardormouse;Wrist_handsupportsorbraces,39.18924331665039
67,LanguageWorkedWith_C#,39.04035568237305
490,Student_Studentfull_time,38.993534088134766
307,RaceEthnicity_East_Asian,38.774742126464844
198,PlatformWorkedWith_Mainframe,38.67731857299805
114,LanguageDesireNextYear_Kotlin,37.553531646728516
221,PlatformDesireNextYear_ESP8266,37.09021759033203
73,LanguageWorkedWith_Matlab,36.10398864746094
171,DatabaseDesireNextYear_MariaDB,35.42622375488281
333,UndergradMajor_BusinessDiscipline,34.95447540283203
94,LanguageWorkedWith_Cobol,34.11512756347656
150,DatabaseWorkedWith_Apache_HBase,34.09635543823242
580,Country_Latvia,33.99814224243164
433,EthicalImplications_Unsure_Idontknow.1,33.577545166015625
228,PlatformDesireNextYear_Mainframe,32.99320983886719
607,Country_Nepal,32.919376373291016
109,LanguageDesireNextYear_Assembly,32.873817443847656
130,LanguageDesireNextYear_Hack,30.3469181060791
227,PlatformDesireNextYear_IBM_Cloud_or_Watson,29.133209228515625
256,IDE_Komodo,28.890104293823242
104,LanguageDesireNextYear_Go,28.459259033203125
335,UndergradMajor_HealthScience,28.236833572387695
178,DatabaseDesireNextYear_Cassandra,27.83036994934082
460,CheckInCode_Never,27.669090270996094
555,Country_Greece,27.258014678955078
127,LanguageDesireNextYear_Perl,27.162328720092773
612,Country_Nigeria,25.804460525512695
291,VersionControl_Copying_and_pasting_files_to_network_shares,25.265384674072266
457,CheckInCode_Afewtimesperweek,24.1956787109375
639,Country_Slovenia,23.34977149963379
576,Country_Kazakhstan,23.127626419067383
361,ErgonomicDevices_Fatigue_relievingfloormat;Wrist_handsupportsorbraces,23.05525779724121
280,Methodology_Kanban,22.595544815063477
364,ErgonomicDevices_Standingdesk;Ergonomickeyboardormouse;Wrist_handsupportsorbraces,21.8228702545166
403,WakeTime_Iworknightshifts,21.517995834350586
321,ErgonomicDevices_Fatigue_relieving_floor_mat,21.061267852783203
513,Country_BosniaandHerzegovina,20.886308670043945
170,DatabaseDesireNextYear_MongoDB,19.225618362426758
132,LanguageDesireNextYear_Julia,18.483896255493164
590,Country_Malaysia,16.988622665405273
274,IDE_RubyMine,14.932802200317383
231,PlatformDesireNextYear_Predix,14.84199333190918
649,Country_Sweden,14.567126274108887
495,Country_Andorra,13.686551094055176
627,Country_RepublicofMoldova,13.525651931762695
402,WakeTime_Idonothaveasetschedule,13.321433067321777
121,LanguageDesireNextYear_Swift,13.05958080291748
593,Country_Malta,12.404150009155273
276,IDE_Zend,12.164021492004395
499,Country_Armenia,11.65252685546875
360,ErgonomicDevices_Fatigue_relievingfloormat;Ergonomickeyboardormouse;Wrist_handsupportsorbraces,11.497394561767578
184,PlatformWorkedWith_Arduino,11.437593460083008
435,EthicalImplications_Yes,11.291327476501465
387,Employment_Retired,9.861061096191406
296,AdBlocker_No,9.806584358215332
446,AdsPriorities6_Good,9.633684158325195
409,Gender_Female,9.406229972839355
408,NumberMonitors_Morethan4,9.183274269104004
426,AssessBenefits3_Good,8.503056526184082
99,LanguageWorkedWith_Ocaml,7.510295867919922
137,LanguageDesireNextYear_Cobol,7.329059600830078
668,Country_Uruguay,6.130058765411377
527,Country_Colombia,5.8201093673706055
368,ErgonomicDevices_Standingdesk;Fatigue_relievingfloormat;Wrist_handsupportsorbraces,5.814280033111572
479,AssessJob7_Good,5.472762107849121
540,Country_DominicanRepublic,5.007866382598877
577,Country_Kenya,4.916937828063965
651,Country_SyrianArabRepublic,4.823564052581787
407,NumberMonitors_4,4.335708141326904
600,Country_Mongolia,4.172717094421387
290,VersionControl_Zip_file_back_ups,4.055089950561523
502,Country_Azerbaijan,3.5461177825927734
222,PlatformDesireNextYear_Gaming_console,3.307460069656372
131,LanguageDesireNextYear_VB.NET,3.0268967151641846
541,Country_Ecuador,2.3844358921051025
545,Country_Estonia,2.3410799503326416
492,Country_Afghanistan,2.3306117057800293
657,Country_Togo,1.71229088306427
346,JobEmailPriorities4_Good,1.7034389972686768
152,DatabaseWorkedWith_Amazon_Redshift,1.217078447341919
250,FrameworkDesireNextYear_Hadoop,0.7508319616317749
514,Country_Botswana,0.7426015138626099
615,Country_Oman,0.0
621,Country_Peru,0.0
620,Country_Paraguay,0.0
610,Country_Nicaragua,0.0
611,Country_Niger,0.0
618,Country_Palau,0.0
613,Country_NorthKorea,0.0
619,Country_Panama,0.0
494,Country_Algeria,0.0
625,Country_Qatar,0.0
626,Country_RepublicofKorea,0.0
673,Country_Zambia,0.0
672,Country_Yemen,0.0
669,Country_Uzbekistan,0.0
666,Country_UnitedRepublicofTanzania,0.0
662,Country_Uganda,0.0
661,Country_Turkmenistan,0.0
658,Country_TrinidadandTobago,0.0
656,Country_Timor_Leste,0.0
655,Country_TheformerYugoslavRepublicofMacedonia,0.0
654,Country_Thailand,0.0
653,Country_Tajikistan,0.0
652,Country_Taiwan,0.0
648,Country_Swaziland,0.0
647,Country_Suriname,0.0
646,Country_Sudan,0.0
220,PlatformDesireNextYear_Serverless,0.0
641,Country_Somalia,0.0
605,Country_Namibia,0.0
640,Country_SolomonIslands,0.0
202,PlatformWorkedWith_Predix,0.0
636,Country_SierraLeone,0.0
634,Country_Senegal,0.0
633,Country_SaudiArabia,0.0
632,Country_SanMarino,0.0
631,Country_SaintLucia,0.0
630,Country_Rwanda,0.0
344,HypotheticalTools3_not_interested,0.0
606,Country_Nauru,0.0
584,Country_LibyanArabJamahiriya,0.0
604,Country_Myanmar,0.0
534,Country_CôtedIvoire,0.0
524,Country_CentralAfricanRepublic,0.0
525,Country_Chile,0.0
528,Country_CongoRepublicofthe...,0.0
529,Country_CostaRica,0.0
444,HypotheticalTools2_not_interested,0.0
532,Country_Cyprus,0.0
535,Country_DemocraticPeoplesRepublicofKorea,0.0
521,Country_Cameroon,0.0
536,Country_DemocraticRepublicoftheCongo,0.0
538,Country_Djibouti,0.0
539,Country_Dominica,0.0
543,Country_ElSalvador,0.0
544,Country_Eritrea,0.0
546,Country_Ethiopia,0.0
523,Country_CapeVerde,0.0
520,Country_Cambodia,0.0
603,Country_Mozambique,0.0
485,Dependents_Yes,0.0
496,Country_Angola,0.0
497,Country_AntiguaandBarbuda,0.0
493,Country_Albania,0.0
487,EthicsChoice_No,0.0
503,Country_Bahamas,0.0
504,Country_Bahrain,0.0
506,Country_Barbados,0.0
519,Country_Burundi,0.0
509,Country_Belize,0.0
510,Country_Benin,0.0
511,Country_Bhutan,0.0
512,Country_Bolivia,0.0
516,Country_BruneiDarussalam,0.0
518,Country_BurkinaFaso,0.0
547,Country_Fiji,0.0
550,Country_Gabon,0.0
551,Country_Gambia,0.0
592,Country_Mali,0.0
582,Country_Lesotho,0.0
583,Country_Liberia,0.0
585,Country_Liechtenstein,0.0
588,Country_Madagascar,0.0
589,Country_Malawi,0.0
591,Country_Maldives,0.0
594,Country_MarshallIslands,0.0
552,Country_Georgia,0.0
595,Country_Mauritania,0.0
596,Country_Mauritius,0.0
598,Country_MicronesiaFederatedStatesof...,0.0
599,Country_Monaco,0.0
601,Country_Montenegro,0.0
602,Country_Morocco,0.0
581,Country_Lebanon,0.0
579,Country_Kyrgyzstan,0.0
578,Country_Kuwait,0.0
575,Country_Jordan,0.0
573,Country_Jamaica,0.0
569,Country_Iraq,0.0
135,LanguageDesireNextYear_Lua,0.0
565,Country_Iceland,0.0
563,Country_HongKong(S.A.R.),0.0
562,Country_Honduras,0.0
561,Country_Haiti,0.0
560,Country_Guyana,0.0
559,Country_Guinea_Bissau,0.0
558,Country_Guinea,0.0
557,Country_Guatemala,0.0
556,Country_Grenada,0.0
554,Country_Ghana,0.0
674,Country_Zimbabwe,0.0
